,seq,activity,varseq,count,cpm,f_obs,f_exp,enrichment
0,GGAAGGGATGAATATGTCCGGTACCAGTATGGCGTGTGGAGTGTTTT,271.7,AGAAATGTTAAGTATGTATGTTTT,7289,309.71919571928896,0.00030971919571928894,2.7091052864719844e-09,114325.27088034672
1,GGAAGGGATGAATATGTCCGGGTCCTGTAGGGCGTGCGGAGTGTTTT,206.1,AGAAATGTGTTGTAGGCATGTTTT,1180,50.139751810778016,5.0139751810778016e-05,9.258607464857813e-10,54154.74411361496
2,GGAAGAGATGAATATGTCCGGGACCCTTTGGGCGTGTGGAGTGTTTT,75.0,AAAAATGTGACTTTGGTATGTTTT,781,33.185717088320025,3.318571708832003e-05,1.1420854612438016e-08,2905.712244351551
3,GGAAGGGATGAATATGTCCGGTACCTTTAAGGCGTGAGGAGTGTTTT,50.9,AGAAATGTTATTTAAGAATGTTTT,604,25.664754316703323,2.5664754316703325e-05,2.6905907292429367e-09,9538.706142767662
4,GGAGGAGATGGATATGTCCGGTTCCTGAAAGGCGTGTGGAGTGTATT,26.0,GAGAATGTTTTGAAAGTATGTATT,484,20.56579650543776,2.056579650543776e-05,1.9979333545229084e-09,10293.534796283893
5,GGAAGGGATGAATATGTCCGGTACCTGTAAGGCGTGCGGAGCGTTTT,51.0,AGAAATGTTATGTAAGCACGTTTT,409,17.378947873396786,1.7378947873396786e-05,9.174875255277913e-10,18941.890096434196
6,GGAAGAGATGAATATGTCCGGTTCCAGTATGGCGTGAGGAGTGTTTC,13.0,AAAAATGTTTAGTATGAATGTTTC,357,15.169399488515044,1.5169399488515044e-05,1.0067845340900756e-08,1506.7175721193448
7,GGAAGAGATGGATATGTCCGGGCCCCTTTGGGCGTGTGGAGCGTTTT,37.8,AAGAATGTGCCTTTGGTACGTTTT,315,13.384764254572096,1.3384764254572097e-05,1.30458362857625e-08,1025.9797809343572
8,GGAAGGGATGGATATGCCCGGTTCCTGTAAGGCGTGTGGGGTGTTTC,28.1,AGGAATGCTTTGTAAGTGTGTTTC,273,11.60012902062915,1.160012902062915e-05,1.9803403450674363e-09,5857.644141585235
9,GGAAGGGATGGATATGTCCGGGACCAGAATGGCGTGTGGAGTGTTTC,11.3,AGGAATGTGAAGAATGTATGTTTC,253,10.750302718751556,1.0750302718751557e-05,2.4634209349790184e-09,4363.973109956184
10,GGAGGAGATGGATATGTCCGGGACCCTATGGGCTTGTGGAGTGTATC,7.1,GAGAATGTGACTATGTTATGTATC,228,9.688019841404566,9.688019841404565e-06,9.18301389984217e-10,10549.93485479868
11,GGAGGAGATGGATATGTCCGGTACCTTTTAGGCGTGTGGAGCGTATT,11.0,GAGAATGTTATTTTAGTACGTATT,213,9.05065011499637,9.05065011499637e-06,2.5881993913986497e-09,3496.8905970205974
12,GGAAGGGATGAATATGTCCGGTACCCGTAGGGCGTGCGGAGTGTTTT,67.0,AGAAATGTTACGTAGGCATGTTTT,200,8.498263018775935,8.498263018775935e-06,5.775739776761334e-10,14713.722132996127
13,GGAAGAGATGAATATGTCCGGTTCCTGAAAGGCGTGAGGAGTGTTTC,20.6,AAAAATGTTTTGAAAGAATGTTTC,178,7.563454086710582,7.563454086710582e-06,7.2180120972122585e-09,1047.8583278672725
14,GGAAGGGATGGATATGTCCGGGACCCTTTGGGCGTGTGGAGTGTTTT,47.6,AGGAATGTGACTTTGGTATGTTTT,169,7.181032250865664,7.1810322508656645e-06,3.6341831127557406e-09,1975.9687467757801
15,GGAAGGGATGGATATGTCCGGGTCCCGAAGGGCGTGTGGAGTGTTTC,119.2,AGGAATGTGTCGAAGGTATGTTTC,161,6.841101730114628,6.841101730114628e-06,1.0034037410612518e-09,6817.8953796595615
16,GGAAGAGATGAATATGTCCGGTTCCGTTTCGGCGTGTGGAGTGTTTC,12.4,AAAAATGTTTGTTTCGTATGTTTC,153,6.501171209363591,6.50117120936359e-06,1.2015597812219425e-08,541.0609868076756
17,GGAAGAGATGAATATGTCCGGGTCCAGAATGGCTTGTGGAGTGTTTT,8.6,AAAAATGTGTAGAATTTATGTTTT,142,6.033766743330913,6.033766743330914e-06,2.5556595752985485e-08,236.09430620766688
18,GGAAGAGATGAATATGTCCGGTTCCATTTTGGCATGTGGAGTGTTTT,6.0,AAAAATGTTTATTTTATATGTTTT,138,5.863801482955395,5.863801482955395e-06,6.495335414912838e-08,90.27711593603796
19,GGAAGAGATGGATATGTCCGGTTCCGGTACGGCGTGTGGAGTGTTTC,23.9,AAGAATGTTTGGTACGTATGTTTC,127,5.396397016922719,5.396397016922719e-06,1.579253603288357e-08,341.70553771010685
20,GGAAGAGATGGATATGTCCGGGTCCCTTAGGGCGTGCGGAGCGTTTT,17.6,AAGAATGTGTCTTAGGCACGTTTT,124,5.26892307164108,5.2689230716410794e-06,1.0843628295435073e-08,485.9003765242653
21,GGAAGGGATGAATATGTCCGGTTCCTTTAAGGCGTGAGGAGCGTTTC,24.1,AGAAATGTTTTTTAAGAACGTTTC,117,4.971483865983922,4.971483865983922e-06,1.1162418651103196e-09,4453.7694037237925
22,GGAAGGGATGAATATGTCCGGTACCATTATGGCGTGAGGAGTGTTTC,14.6,AGAAATGTTAATTATGAATGTTTC,112,4.759027290514523,4.759027290514524e-06,1.7251571750804458e-09,2758.605047272058
23,GGAAGGGATGGATATGTCCGGTTCCATTTTGGCTTGTGGAGTGTTTC,7.9,AGGAATGTTTATTTTTTATGTTTC,111,4.716535975420643,4.7165359754206436e-06,1.3394617042311447e-08,352.1217486488686
24,GGAAGAGATGGATATGTCCGGTCCCAGTTTGGCTTGTGGAGTGTTTC,4.6,AAGAATGTTCAGTTTTTATGTTTC,103,4.376605454669607,4.376605454669606e-06,4.041062451590313e-08,108.30333624136999
25,GGAAGAGATGAATATGCCCGGTACCATTATGGCTTGTGGGGTGTTTT,5.8,AAAAATGCTAATTATTTGTGTTTT,98,4.164148879200208,4.164148879200208e-06,2.8081764066961082e-08,148.28658446352506
26,GGAAGGGATGGATATGTCCGGGTCCAGATTGGCGTGTGGAGCGTTTT,6.2,AGGAATGTGTAGATTGTACGTTTT,31,1.31723076791027,1.3172307679102699e-06,4.074224171169675e-09,323.3083680646134
27,GGAAGAGATGAATGTATCCGGTACCGTTTTGGCATGCGGGGTGTTTT,1.9,AAAAGTATTAGTTTTACGTGTTTT,10,0.4249131509387967,4.2491315093879674e-07,2.650653926887422e-08,16.030502761171793
28,GGAAGAGATGAATACACCCGGGACCATTTTGGCATGTGGAGTGTTTC,1.9,AAAAACACGAATTTTATATGTTTC,3,0.127473945281639,1.2747394528163902e-07,1.42885494487003e-08,8.921405614985932
29,GGAGGAGATGAATACATCCGGTACCAGTTCGGCTTGAGGAGTATATC,2.0,GAAAACATTAAGTTCTAATATATC,1,0.0424913150938796,4.249131509387968e-08,4.5020826050548453e-10,94.38146480513554
